card_id,ability_name,description
base1-1,Damage Swap,"As often as you like during your turn (before your attack), you may move 1 damage counter from 1 of your Pokémon to another as long as you don't Knock Out that Pokémon. This power can't be used if Alakazam is Asleep, Confused, or Paralyzed."
base1-2,Rain Dance,"As often as you like during your turn (before your attack), you may attach 1 Water Energy card to 1 of your Water Pokémon. (This doesn't use up your 1 Energy card attachment for the turn.) This power can't be used if Blastoise is Asleep, Confused, or Paralyzed."
base1-4,Energy Burn,"As often as you like during your turn (before your attack), you may turn all Energy attached to Charizard into Fire Energy for the rest of the turn. This power can't be used if Charizard is Asleep, Confused, or Paralyzed."
base1-8,Strikes Back,"Whenever your opponent's attack damages Machamp (even if Machamp is Knocked Out), this power does 10 damage to the attacking Pokémon. (Don't apply Weakness and Resistance.) This power can't be used if Machamp is Asleep, Confused, or Paralyzed when your opponent attacks."
base1-15,Energy Trans,"As often as you like during your turn (before your attack), you may take 1 Grass Energy card attached to 1 of your Pokémon and attach it to a different one. This power can't be used if Venusaur is Asleep, Confused, or Paralyzed."
base1-21,Buzzap,"At any time during your turn (before your attack), you may Knock Out Electrode and attach it to 1 of your other Pokémon. If you do, choose a type of Energy. Electrode is now an Energy card (instead of a Pokémon) that provides 2 energy of that type. You can't use this power if Electrode is Asleep, Confused, or Paralyzed."
base2-6,Invisible Wall,"Whenever an attack (including your own) does 30 or more damage to Mr. Mime (after applying Weakness and Resistance), prevent that damage. (Any other effects of attacks still happen.) This power can't be used if Mr. Mime is Asleep, Confused, or Paralyzed."
base2-11,Thick Skinned,"Snorlax can't become Asleep, Confused, Paralyzed, or Poisoned. This power can't be used if Snorlax is already Asleep, Confused, or Paralyzed."
base2-13,Shift,"Once during your turn (before your attack), you may change the type of Venomoth to the type of any other Pokémon in play other than Colorless. This power can't be used if Venomoth is Asleep, Confused, or Paralyzed."
base2-15,Heal,"Once during your turn (before your attack), you may flip a coin. If heads, remove 1 damage counter from 1 of your Pokémon. This power can't be used if Vileplume is Asleep, Confused, or Paralyzed."
base2-22,Invisible Wall,"Whenever an attack (including your own) does 30 or more damage to Mr. Mime (after applying Weakness and Resistance), prevent that damage. (Any other effects of attacks still happen.) This power can't be used if Mr. Mime is Asleep, Confused, or Paralyzed."
base2-27,Thick Skinned,"Snorlax can't become Asleep, Confused, Paralyzed, or Poisoned. This power can't be used if Snorlax is already Asleep, Confused, or Paralyzed."
base2-29,Shift,"Once during your turn (before your attack), you may change the type of Venomoth to the type of any other Pokémon in play other than Colorless. This power can't be used if Venomoth is Asleep, Confused, or Paralyzed."
base2-31,Heal,"Once during your turn (before your attack), you may flip a coin. If heads, remove 1 damage counter from 1 of your Pokémon. This power can't be used if Vileplume is Asleep, Confused, or Paralyzed."
base2-34,Retreat Aid,"As long as Dodrio is Benched, pay Colorless less to retreat your Active Pokémon."
base2-55,Peek,"Once during your turn (before your attack), you may look at one of the following: the top card of either player's deck, a random card from your opponent's hand, or one of either player's Prizes. This power can't be used if Mankey is Asleep, Confused, or Paralyzed."
basep-5,Special Delivery,"Once during your turn (before your attack), you may draw a card. If you do, choose a card from your hand and put it on top of your deck. This power can't be used if Dragonite is Asleep, Confused, or Paralyzed."
basep-11,Chain Reaction,"This power can only be used when a Pokémon evolves. Search your deck for a card that evolves from Eevee and attach it to Eevee. This counts as evolving Eevee. Shuffle your deck afterward. This power can't be used if Eevee is Asleep, Confused, or Paralyzed."
basep-13,Solar Power,"Once during your turn (before your attack), you may use this power. Your Active Pokémon and the Defending Pokémon are no longer Asleep, Confused, Paralyzed, or Poisoned. This power can't be used if Venusaur is Asleep, Confused, or Paralyzed."
basep-34,Bolt,"Whenever your opponent's attack damages Entei, unless that attack Knocks Out Entei, flip a coin. If heads, shuffle Entei and all cards attached to it into your deck. This power can't be used if Entei is already Asleep, Confused, or Paralyzed when it is damaged."
basep-38,[Join],"Once during your turn (before your attack), if you have Unown [J], Unown [O], Unown [I], and Unown Dragon on your Bench, you may search your deck for a Basic Pokémon or Evolution card. Show that card to your opponent, then put it into your hand. Shuffle your deck afterward."
basep-47,Neutral Shield,"Prevent all effects of attacks, including damage, done to Mew by Evolved Pokémon. You can't use this power if Mew is Asleep, Confused, or Paralyzed."
basep-48,Aurora Veil,"As long as Articuno is your Active Pokémon, your Benched Pokémon do not take damage from and are not affected by attacks. This power cannot be used if Articuno is affected by a Special Condition."
basep-49,Guard,"As long as Snorlax is your Active Pokémon, the Defending Pokémon can't Retreat. This power stops working when Snorlax is affected by a Special Condition."
base3-1,Prehistoric Power,"No more Evolution cards can be played. This power stops working while Aerodactyl is Asleep, Confused, or Paralyzed."
base3-3,Transform,"If Ditto is your Active Pokémon, treat it as if it were the same card as the Defending Pokémon, including type, Hit Points, Weakness, and so on, except Ditto can't evolve, always has this Pokémon Power, and you may treat any Energy attached to Ditto as Energy of any type. Ditto isn't a copy of any other Pokémon while Ditto is Asleep, Confused, or Paralyzed."
base3-4,Step In,"Once during your turn (before your attack), if Dragonite is on your Bench, you may switch it with your Active Pokémon."
base3-5,Curse,"Once during your turn (before your attack), you may move 1 damage counter from 1 of your opponent's Pokémon to another (even if it would Knock Out the other Pokémon). This power can't be used if Gengar is Asleep, Confused, or Paralyzed."
base3-6,Transparency,"Whenever an attack does anything to Haunter, flip a coin. If heads, prevent all effects of that attack, including damage, done to Haunter. This power stops working while Haunter is Asleep, Confused, or Paralyzed."
base3-13,Toxic Gas,"Ignore all Pokémon Powers other than Toxic Gases. This power stops working while Muk is Asleep, Confused, or Paralyzed."
base3-16,Prehistoric Power,"No more Evolution cards can be played. This power stops working while Aerodactyl is Asleep, Confused, or Paralyzed."
base3-18,Transform,"If Ditto is your Active Pokémon, treat it as if it were the same card as the Defending Pokémon, including type, Hit Points, Weakness, and so on, except Ditto can't evolve, always has this Pokémon Power, and you may treat any Energy attached to Ditto as Energy of any type. Ditto isn't a copy of any other Pokémon while Ditto is Asleep, Confused, or Paralyzed."
base3-19,Step In,"Once during your turn (before your attack), if Dragonite is on your Bench, you may switch it with your Active Pokémon."
base3-20,Curse,"Once during your turn (before your attack), you may move 1 damage counter from 1 of your opponent's Pokémon to another (even if it would Knock Out the other Pokémon). This power can't be used if Gengar is Asleep, Confused, or Paralyzed."
base3-21,Transparency,"Whenever an attack does anything to Haunter, flip a coin. If heads, prevent all effects of that attack, including damage, done to Haunter. This power stops working while Haunter is Asleep, Confused, or Paralyzed."
base3-28,Toxic Gas,"Ignore all Pokémon Powers other than Toxic Gases. This power stops working while Muk is Asleep, Confused, or Paralyzed."
base3-43,Strange Behavior,"As often as you like during your turn (before your attack), you may move 1 damage counter from 1 of your Pokémon to Slowbro as long as you don't Knock Out Slowbro. This power can't be used if Slowbro is Asleep, Confused, or Paralyzed."
base3-50,Kabuto Armor,"Whenever an attack (even your own) does damage to Kabuto (after applying Weakness and Resistance), that attack does half the damage to Kabuto (rounded down to the nearest 10). (Any other effects of attacks still happen.) This power stops working while Kabuto is Asleep, Confused, or Paralyzed."
base3-52,Clairvoyance,"Your opponent plays with his or her hand face up. This power stops working while Omanyte is Asleep, Confused, or Paralyzed."
base3-56,Cowardice,"At any time during your turn (before your attack), you may return Tentacool to your hand. (Discard all cards attached to Tentacool.) This power can't be used the turn you put Tentacool into play or if Tentacool is Asleep, Confused, or Paralyzed."
base4-1,Damage Swap,"As often as you like during your turn (before your attack), you may move 1 damage counter from 1 of your Pokémon to another as long as you don't Knock Out that Pokémon. This power can't be used if Alakazam is Asleep, Confused, or Paralyzed."
base4-2,Rain Dance,"As often as you like during your turn (before your attack), you may attach 1 Water Energy card to 1 of your Water Pokémon. (This doesn't use up your 1 Energy card attachment for the turn.) This power can't be used if Blastoise is Asleep, Confused, or Paralyzed."
base4-4,Energy Burn,"As often as you like during your turn (before your attack), you may turn all Energy attached to Charizard into Fire Energy for the rest of the turn. This power can't be used if Charizard is Asleep, Confused, or Paralyzed."
base4-18,Energy Trans,"As often as you like during your turn (before your attack), you may take 1 Grass Energy card attached to 1 of your Pokémon and attach it to a different one. This power can't be used if Venusaur is Asleep, Confused, or Paralyzed."
base4-25,Buzzap,"At any time during your turn (before your attack), you may Knock Out Electrode and attach it to 1 of your other Pokémon. If you do, choose a type of Energy. Electrode is now an Energy card of that type (instead of a Pokémon) that provides 2 energy. This power can't be used if Electrode is Asleep, Confused, or Paralyzed."
base4-27,Invisible Wall,"Whenever an attack (including your own) does 30 or more damage to Mr. Mime (after applying Weakness and Resistance), prevent that damage. (Any other effects of attacks still happen.) This power stops working while Mr. Mime is Asleep, Confused, or Paralyzed."
base4-30,Thick Skinned,"Snorlax can't become Asleep, Confused, Paralyzed, or Poisoned. This power can't be used if Snorlax is already Asleep, Confused, or Paralyzed."
base4-31,Shift,"Once during your turn (before your attack), you may change the type of Venomoth to the type of any other Pokémon in play other than Colorless. This power can't be used if Venomoth is Asleep, Confused, or Paralyzed."
base4-37,Retreat Aid,"As long as Dodrio is Benched, pay Colorless less to retreat your Active Pokémon."
base5-5,Summon Minions,"When you play Dark Dragonite from your hand, search your deck for up to 2 Basic Pokémon and put them onto your Bench. Shuffle your deck afterward."
base5-6,Sinkhole,"Whenever your opponent's Active Pokémon retreats, your opponent flips a coin. If tails, this power does 20 damage to that Pokémon. (Don't apply Weakness and Resistance.) This power stops working while Dark Dugtrio is Asleep, Confused, or Paralyzed."
base5-7,Sneak Attack,"When you play Dark Golbat from your hand, you may choose 1 of your opponent's Pokémon. If you do, Dark Golbat does 10 damage to that Pokémon. Apply Weakness and Resistance."
base5-8,Final Beam,"When Dark Gyarados is Knocked Out by an attack, flip a coin. If heads, this power does 20 damage for each Water Energy attached to Dark Gyarados to the Pokémon that Knocked Out Dark Gyarados. Apply Weakness and Resistance. This power doesn't work if Dark Gyarados is Asleep, Confused, or Paralyzed."
base5-12,Reel In,"When you play Dark Slowbro from your hand, choose up to 3 Basic Pokémon and/or Evolution cards from your discard pile and put them into your hand."
base5-13,Hay Fever,"No Trainer cards can be played. This power stops working while Dark Vileplume is Asleep, Confused, or Paralyzed."
base5-22,Summon Minions,"When you play Dark Dragonite from your hand, search your deck for up to 2 Basic Pokémon and put them onto your Bench. Shuffle your deck afterward."
base5-23,Sinkhole,"Whenever your opponent's Active Pokémon retreats, your opponent flips a coin. If tails, this power does 20 damage to that Pokémon. (Don't apply Weakness and Resistance.) This power stops working while Dark Dugtrio is Asleep, Confused, or Paralyzed."
base5-24,Sneak Attack,"When you play Dark Golbat from your hand, you may choose 1 of your opponent's Pokémon. If you do, Dark Golbat does 10 damage to that Pokémon. Apply Weakness and Resistance."
base5-25,Final Beam,"When Dark Gyarados is Knocked Out by an attack, flip a coin. If heads, this power does 20 damage for each Water Energy attached to Dark Gyarados to the Pokémon that Knocked Out Dark Gyarados. Apply Weakness and Resistance. This power doesn't work if Dark Gyarados is Asleep, Confused, or Paralyzed."
base5-29,Reel In,"When you play Dark Slowbro from your hand, choose up to 3 Basic Pokémon and/or Evolution cards from your discard pile and put them into your hand."
base5-30,Hay Fever,"No Trainer cards can be played. This power stops working while Dark Vileplume is Asleep, Confused, or Paralyzed."
base5-33,Evolutionary Light,"Once during your turn (before your attack), you may search your deck for an Evolution card. Show it to your opponent and put it into your hand. Shuffle your deck afterward. This power can't be used if Dark Dragonair is Asleep, Confused, or Paralyzed."
base5-36,Pollen Stench,"Once during your turn (before your attack), you may flip a coin. If heads, the Defending Pokémon is now Confused; if tails, your Active Pokémon is now Confused. This power can't be used if Dark Gloom is Asleep, Confused, or Paralyzed."
base5-39,Matter Exchange,"Once during your turn (before your attack), you may discard a card from your hand in order to draw a card. This power can't be used if Dark Kadabra is Asleep, Confused, or Paralyzed."
base5-41,Sticky Goo,"As long as Dark Muk is your Active Pokémon, your opponent pays ColorlessColorless more to retreat his or her Active Pokémon. This power stops working while Dark Muk is Asleep, Confused, or Paralyzed."
base5-43,Frenzy,"If Dark Primeape does any damage while it's Confused (even to itself), it does 30 more damage."
base5-50,Gather Fire,"Once during your turn (before your attack), you may take 1 Fire Energy card attached to 1 of your other Pokémon and attach it to Charmander. This power can't be used if Charmander is Asleep, Confused, or Paralyzed."
base5-54,Long-Distance Hypnosis,"Once during your turn (before your attack), you may flip a coin. If heads, the Defending Pokémon is now Asleep; if tails, your Active Pokémon is now Asleep. This power can't be used if Drowzee is Asleep, Confused, or Paralyzed."
base5-66,Trickery,"Once during your turn (before your attack), you may switch 1 of your Prizes with the top card of your deck. This power can't be used if Rattata is Asleep, Confused, or Paralyzed."
neo1-4,Berserk,"When you play Feraligatr from your hand, flip a coin. If heads, discard the top 5 cards from your opponent's deck. If tails, discard the top 5 cards from your deck."
neo1-5,Downpour,"As often as you like during your turn (before your attack), you may discard a Water Energy card from your hand. This power can't be used if Feraligatr is Asleep, Confused, or Paralyzed."
neo1-6,Final Blow,"If Heracross's remaining HP are 20 or less, you may make its Megahorn attack's base damage 120 instead of 60. This power can't be used if Heracross is Asleep, Confused, or Paralyzed."
neo1-10,Herbal Scent,"When you play Meganium from your hand, you may flip a coin. If heads, remove all damage counters from all Grass Pokémon in play."
neo1-11,Wild Growth,"As long as Meganium is in play each Grass Energy card attached to your Grass Pokémon instead provides GrassGrass. This power stops working while Meganium is Asleep, Confused, or Paralyzed."
neo1-14,Mind Games,"Whenever your opponent plays a Trainer card, you may flip a coin. If heads, that card does nothing. Put it on top of your opponent's deck. This power can't be used if Slowking is Asleep, Confused, or Paralyzed."
neo1-17,Fire Recharge,"Once during your turn (before your attack), you may flip a coin. If heads, attach a Fire Energy card from your discard pile to 1 of your Fire Pokémon. This power can't be used if Typhlosion is Asleep, Confused, or Paralyzed."
neo1-18,Fire Boost,"When you play Typhlosion from your hand, you may flip a coin. If heads, search your deck for up to 4 Fire Energy cards and attach them to Typhlosion. Shuffle your deck afterward."
neo1-22,Playful Punch,"Once during your turn (before your attack), you may flip a coin. If heads, do 20 damage to your opponent's Active Pokémon. (Apply Weakness and Resistance.) Either way, this ends your turn. This power can't be used if Elekid is Asleep, Confused, or Paralyzed."
neo1-38,Hydroelectric Power,"You may make Floodlight do 10 more damage for each Water Energy attached to Lanturn, but not used to pay for Floodlight's Energy cost. This power can't be used if Lanturn is Asleep, Confused, or Paralyzed."
neo1-42,Glaring Gaze,"Once during your turn (before your attack), you may flip a coin. If heads, look at your opponent's hand. If your opponent has any Trainer cards there, choose 1 of them. Your opponent shuffles that card into his or her deck. This power can't be used if Noctowl is Asleep, Confused, or Paralyzed."
neo2-2,Spikes,"During your opponent's turn, whenever 1 of your opponent's Benched Pokémon becomes his or her Active Pokémon, Forretress does 10 damage to it. (Don't apply Weakness and Resistance.) This power stops working if Forretress is Asleep, Confused, or Paralyzed."
neo2-8,Frog Song,"Whenever Politoed's attack damages the Defending Pokémon (after applying Weakness and Resistance), if there are more than 3 Poliwags, Poliwhirls, Poliwraths, and/or Politoeds in play (including your opponent's), that attack does 40 more damage (no matter how many heads you get). This power stops working while Politoed is Asleep, Confused, or Paralyzed."
neo2-14,[Anger],"Whenever 1 of your Pokémon with Unown in its name uses its Hidden Power attack, that attack does 10 more damage for each damage counter on Unown [A]. If you have more than 1 Unown [A] in play, use only 1 [Anger] for each attack."
neo2-21,Spikes,"During your opponent's turn, whenever 1 of your opponent's Benched Pokémon becomes his or her Active Pokémon, Forretress does 10 damage to it. (Don't apply Weakness and Resistance.) This power stops working if Forretress is Asleep, Confused, or Paralyzed."
neo2-27,Frog Song,"Whenever Politoed's attack damages the Defending Pokémon (after applying Weakness and Resistance), if there are more than 3 Poliwags, Poliwhirls, Poliwraths, and/or Politoeds in play (including your opponent's), that attack does 40 more damage (no matter how many heads you get). This power stops working while Politoed is Asleep, Confused, or Paralyzed."
neo2-33,[Anger],"Whenever 1 of your Pokémon with Unown in its name uses its Hidden Power attack, that attack does 10 more damage for each damage counter on Unown [A]. If you have more than 1 Unown [A] in play, use only 1 [Anger] for each attack."
neo2-38,Energy Evolution,"Whenever you attach an Energy card to Eevee, flip a coin. If heads, search your deck for a card that evolves from Eevee that is the same type as the Energy card you attached to Eevee. Attach that card to Eevee. This counts as evolving Eevee. Shuffle your deck afterward. This power can't be used if Eevee is Asleep, Confused, or Paralyzed."
neo2-40,Gaze,"Once during your turn (before your attack), choose 1 of your opponent's Benched Pokémon that has a Pokémon Power. That power stops working until the end of this turn. This effect ends if that Pokémon leaves the Bench."
neo2-47,[Darkness],"Whenever a Darkness Pokémon damages 1 of your Pokémon, reduce that damage by 30 (after applying Weakness and Resistance). This power stops working if you have more than 1 Unown [D] in play. (This power works even if Unown [D] is Asleep, Confused, or Paralyzed.)"
neo2-48,[Find],"Once during your turn (before your attack), if you have Unown [F], Unown [I], Unown [N], and Unown [D] on your Bench, you may search your deck for a Trainer card. Show that card to your opponent, then put it into your hand. Shuffle your deck afterward."
neo2-49,[Metal],"Whenever a Metal Pokémon damages 1 of your Pokémon, reduce that damage by 30 (after applying Weakness and Resistance). This power stops working if you have more than 1 Unown [M] in play. (This power works even if Unown [M] is Asleep, Confused, or Paralyzed.)"
neo2-50,[Normal],"Whenever a Colorless Pokémon damages 1 of your Pokémon, reduce that damage by 30 (after applying Weakness and Resistance). This power stops working if you have more than 1 Unown [N] in play. (This power works even if Unown [N] is Asleep, Confused, or Paralyzed.)"
neo2-51,[Undo],"Once during your turn (before your attack), if you have Unown [U], Unown [N], Unown [D], and Unown [O] on your Bench, you may return your Active Pokémon and all cards attached to it to your hand."
neo2-56,Revive Friends,"Once during your turn (before your attack), you may flip a coin. If heads, search your deck for a card named Kabuto and put it on your Bench. Shuffle your deck afterward. Treat the new Kabuto as a Basic Pokémon. This power can't be used if Kabuto is Asleep, Confused, or Paralyzed (or if your Bench is full)."
neo2-60,Revive Fossil,"Once during your turn (before your attack), you may flip a coin. If heads, search your deck for a card that evolves from Mysterious Fossil and put it onto your Bench. Shuffle your deck afterward. Treat that card as a Basic Pokémon. This power can't be used if Omanyte is Asleep, Confused, or Paralyzed (or if your Bench is full)."
neo2-67,[Engage],"When you play Unown [E] from your hand, your opponent may shuffle his or her hand into his or her deck and then draw 4 cards. Either way, you may shuffle your hand into your deck and draw 4 cards."
neo2-68,[Increase],"When you play Unown [I] from your hand, you may search your deck for a card with Unown in its name and put it onto your Bench. Shuffle your deck afterward. You can't use this power if your Bench is full."
neo2-69,[Observe],"Once during your turn (before your attack), you may look at 5 cards from the top of your opponent's deck and put them back in the same order."
neo3-2,Softboiled,"When you play Blissey from your hand, you may flip a coin. If heads, remove 8 damage counters from Blissey. If tails, remove 4 damage counters from Blissey. Either way, if Blissey has fewer damage counters than that, remove all of them."
neo3-3,Time Travel,"If an opponent's attack would Knock Out Celebi, flip a coin. If heads, Celebi isn't Knocked Out and you shuffle it and all cards attached to it into your deck. This power doesn't work if Celebi is already Asleep, Confused, or Paralyzed."
neo3-6,Howl,"When you play Entei from your hand, you may discard the top 5 cards of your deck. (If you have fewer cards in your deck than that, discard all of them.) If any of those are Fire Energy cards, attach them to any of your Fire Pokémon of your choice. Using this power ends your turn."
neo3-10,Electromagnetic Power,"As often as you like during your turn (before your attack), you may take 1 Energy card attached to 1 of your Magnemites, Magnetons, or Dark Magnetons and attach it to a different 1 of your Magnemites, Magnetons, and Dark Magnetons. This power can't be used if Magneton is Asleep, Confused, or Paralyzed."
neo3-12,Energy Converter,"Once during your turn (before your attack), you may choose 1 basic Energy card attached to 1 of your Pokémon and choose an Energy type. Treat that Energy card as that type until the end of your turn. This power can't be used if Porygon2 is Asleep, Confused, or Paralyzed. If Porygon2 becomes Asleep, Confused, or Paralyzed, the Energy card goes back to its original type."
neo3-13,Lightning Burst,"Whenever you attach a Lightning Energy card from your hand to Raikou, if your opponent has any Benched Pokémon, he or she chooses 1 of them and switches it with the Defending Pokémon. This power stops working while Raikou is Asleep, Confused, or Paralyzed."
neo3-14,Crystal Body,"Prevent all effects of your opponent's attacks, other than damage, done to Suicune. This power stops working while Suicune is Asleep, Confused, or Paralyzed."
neo3-15,Prehistoric Memory,"Whenever an Evolved Pokémon attacks (even if it's your opponent's), it can use any attack from its Basic Pokémon card or any Evolution card attached to it. It still has to pay for that attack's Energy cost. This power stops working while Aerodactyl is Asleep, Confused, or Paralyzed."
neo3-17,Legendary Body,"As long as Entei is your Active Pokémon, Entei and Energy cards attached to it aren't affected by effects from Trainer cards other than Stadium cards. As long as this Power is active, discard any Trainer cards attached to Entei. (This power works even if Entei is Asleep, Confused, or Paralyzed.)"
neo3-22,Legendary Body,"As long as Raikou is your Active Pokémon, Raikou and Energy cards attached to it aren't affected by effects from Trainer cards other than Stadium cards. As long as this Power is active, discard any Trainer cards attached to Raikou. (This power works even if Raikou is Asleep, Confused, or Paralyzed.)"
neo3-26,Mimic,"As long as Sudowoodo is your Active Pokémon, it copies all of the Defending Pokémon's attacks, including their costs. This power can't be used if Sudowoodo is Asleep, Confused, or Paralyzed."
neo3-27,Legendary Body,"As long as Suicune is your Active Pokémon, Suicune and Energy cards attached to it aren't affected by effects from Trainer cards other than Stadium cards. As long as this Power is active, discard any Trainer cards attached to Suicune. (This power works even if Suicune is Asleep, Confused, or Paralyzed.)"
neo3-32,Submerge,"Once during your turn (before your attack), you may change Lanturn's type to Water until the end of your turn. This power can't be used if Lanturn is Asleep, Confused, or Paralyzed. If Lanturn becomes Asleep, Confused, or Paralyzed after you have used this power, its type changes back to Lightning."
neo3-33,Magma Pool,"If Magcargo is your Active Pokémon and moves to the Bench, remove 1 Fire Energy card attached to Magcargo, if any, and attach it to the new Active Pokémon. (You can't choose an Energy card that you used to pay the Retreat Cost.)"
neo3-35,Allergic Pollen,"As long as Parasect is in play, cards in any player's discard piles are not affected by attacks or Pokémon Powers. This power stops working if Parasect becomes Asleep, Confused, or Paralyzed."
neo3-39,[Bear],"Once during your turn (before your attack), you may move 1 damage counter from 1 of your Pokémon with Unown in its name to Unown [B]. This power can't be used if Unown [B] has 10 HP left. This power can be used even if Unown [B] is Asleep, Confused, or Paralyzed."
neo3-40,[Yield],"Once during your turn (before your attack), you may flip a coin. If heads, search your deck for a Psychic Energy card and attach it to 1 of your Pokémon with Unown in its name. Shuffle your deck afterward. This power can be used even if Unown [Y] is Asleep, Confused, or Paralyzed."
neo3-51,Hard Shell,"Whenever an attack (including your own) does 40 or less damage to Shuckle (after applying Weakness and Resistance), reduce that damage to 10. (Any other effects of attacks still happen.) This power stops working while Shuckle is Asleep, Confused, or Paralyzed."
neo3-58,[Keep],"Your opponent's attacks, Pokémon Powers, and Trainer cards can't discard Energy cards from your Pokémon with Unown in their names. (Any other effects still happen.)"
neo4-1,Conductivity,"Whenever your opponent attaches an Energy card from his or her hand to a Pokémon, this power does 10 damage to that Pokémon. (Don't apply Weakness and Resistance.) This power stops working if you have more than 1 Dark Ampharos in play or while Dark Ampharos is Asleep, Confused, or Paralyzed."
neo4-2,Surprise Bite,"When you play Dark Crobat from your hand, you may choose 1 of your opponent's Pokémon. This power does 20 damage to that Pokémon. (Don't apply Weakness and Resistance.)"
neo4-5,Scare,"As long as Dark Feraligatr is your Active Pokémon, all of your opponent's Baby Pokémon Powers stop working and your opponent's Baby Pokémon can't attack. This power stops working while Dark Feraligatr is Asleep, Confused, or Paralyzed."
neo4-6,Deep Sleep,"As long as any Dark Gengar are in play, a player flips 2 coins for each of his or her Pokémon that is Asleep at the end of each turn. If either of them is tails, that Pokémon is still Asleep. This power stops working if Dark Gengar is Asleep, Confused, or Paralyzed."
neo4-8,Spatial Distortion,"Once during your turn (before your attack), you may flip a coin. If heads, choose a Stadium card from your discard pile and put it into play. (If there's already a Stadium card in play, discard it.) This power can't be used if Dark Porygon2 is Asleep, Confused, or Paralyzed."
neo4-12,Drive Off,"As long as Light Arcanine is your Active Pokémon, once during your turn (before your attack), if your opponent has any Benched Pokémon, he or she chooses 1 of them and switches it with the Defending Pokémon. This power can't be used while Light Arcanine is Asleep, Confused, or Paralyzed."
neo4-14,Miraculous Wind,"As long as Light Dragonite is your Active Pokémon, each Special Energy card provides Colorless Energy instead of its usual type and its other effects stop working. This power stops working while Light Dragonite is Asleep, Confused, or Paralyzed."
neo4-15,Gift,"When you play Light Togetic from your hand, your opponent may search his or her deck for a Pokémon Tool card, show that card to you, and put it into his or her hand. Either way, you may do the same, and then each player who searched shuffles his or her deck."
neo4-18,Hot Plate,"As long as Dark Magcargo is your Active Pokémon, whenever a player puts a Baby Pokémon or Basic Pokémon onto his or her Bench from his or her hand, this power does 10 damage to that Pokémon. (Don't apply Weakness and Resistance.) This power stops working if Dark Magcargo is Asleep, Confused, or Paralyzed."
neo4-20,Cunning,"Once during your turn (before your attack), you may flip a coin. If heads, look at the top card of your opponent's deck. Then, you may have your opponent shuffle his or her deck. This power can't be used if Dark Slowking is Asleep, Confused, or Paralyzed."
neo4-25,Tag Team,"When you play Light Machamp from your hand, if it is on your Bench, remove 3 damage counters from your Active Pokémon. If it has fewer damage counters than that, remove all of them. Then, switch Light Machamp with your Active Pokémon."
neo4-26,Fluffy Wool,"During your opponent's turn, if Light Piloswine is your Active Pokémon and is damaged by your opponent's attack (even if it's Knocked Out), flip a coin. If heads, the attacking Pokémon is now Asleep. This power stops working if Light Piloswine is already Asleep, Confused, or Paralyzed when your opponent attacks."
neo4-27,[Give],"Once during your turn (before your attack), if you have Unown [G], Unown [I], Unown [V], and Unown [E] on your Bench, you may flip a coin. If heads, search your deck for a basic Energy card and attach it to 1 of your Pokémon. Shuffle your deck afterward."
neo4-28,[Help],"Once during your turn (before your attack), if you have Unown [H], Unown [E], Unown [L], and Unown [P] on your Bench, you may shuffle your hand into your deck, then draw a new hand of the same number of cards."
neo4-29,[Want],"Once during your turn (before your attack), if you have Unown [W], Unown [A], Unown [N], and Unown [T] on your Bench, you may flip a coin. If heads, put a Trainer card from your discard pile into your hand."
neo4-30,[XXXXX],"Whenever 1 of your Pokémon with Unown in its name uses its Hidden Power attack, flip a coin until you get tails. That attack does 10 more damage for each heads. If you have more than 1 Unown [X] in play, use only 1 [XXXXX] each turn."
neo4-57,[Chase],"As long as Unown [C] is your Active Pokémon, whenever your opponent's Active Pokémon tries to retreat, flip a coin. If heads, put 1 damage counter on that Pokémon. Apply Weakness and Resistance."
neo4-58,[Perform],"If an attack damaged Unown [P] during your opponent's last turn and Unown [P] was your Active Pokémon, Unown [P]'s Hidden Power attack does that much more damage to the Defending Pokémon. This power can be used even if Unown [P] is Confused."
neo4-59,[Quicken],"Once during your turn (before your attack), you may flip a coin. If heads, prevent all effects of attacks, including damage, done to any of your Pokémon with Unown in its name during your opponent's next turn. If you have more than 1 Unown [Q] in play, use only 1 [Quicken] each turn. This power can be used even if Unown [Q] is Asleep, Confused, or Paralyzed."
neo4-60,[Zoom],"As long as Unown [Z] is Benched, you pay no Energy cost to retreat a Pokémon with Unown in its name."
neo4-86,[Laugh],"Once during your turn (before your attack), you may flip a coin. If heads, each player shuffles his or her deck. This power can be used even if Unown [L] is Asleep, Confused, or Paralyzed."
neo4-87,[Search],"Once during your turn (before your attack), you may look at 1 of your Prize cards. Return that Prize card face down. This power can be used even if Unown [S] is Asleep, Confused, or Paralyzed."
neo4-88,[Tell],"Once during your turn (before your attack), you may flip a coin. If heads, look at your opponent's hand and show your hand to your opponent. This power can be used even if Unown [T] is Asleep, Confused, or Paralyzed."
neo4-89,[Vanish],"When you play Unown [V] from your hand, you may flip a coin. If heads, return 1 of your Pokémon with Unown in its name (other than Unown [V]) to your hand. (Discard all cards attached to that card.)"
base6-1,Damage Swap,"As often as you like during your turn (before your attack), you may move 1 damage counter from 1 of your Pokémon to another as long as you don't Knock Out that Pokémon. This power can't be used if Alakazam is affected by a Special Condition."
base6-3,Energy Burn,"As often as you like during your turn (before your attack), you may turn all Energy attached to Charizard into Fire Energy for the rest of the turn. This power can't be used if Charizard is affected by a Special Condition."
base6-5,Summon Minions,"When you play Dark Dragonite from your hand, search your deck for up to 2 Basic Pokémon and put them onto your Bench. Shuffle your deck afterward."
base6-8,Reel In,"When you play Dark Slowbro from your hand, choose up to 3 Basic Pokémon and/or Evolution cards from your discard pile and put them into your hand."
base6-11,Curse,"Once during your turn (before your attack), you may move 1 damage counter from 1 of your opponent's Pokémon to another (even if it would Knock Out the other Pokémon). This power can't be used if Gengar is affected by a Special Condition."
base6-15,Strikes Back,"Whenever your opponent's attack damages Machamp (even if Machamp is Knocked Out), this power does 10 damage to the attacking Pokémon. (Don't apply Weakness and Resistance.) This power can't be used if Machamp is already affected by a Special Condition when your opponent attacks."
base6-16,Toxic Gas,Ignore all Pokémon Powers other than Toxic Gases. This power stops working while Muk is affected by a Special Condition.
base6-18,Energy Trans,"As often as you like during your turn (before your attack), you may take 1 Grass Energy card attached to 1 of your Pokémon and attach it to a different one. This power can't be used if Venusaur is affected by a Special Condition."
base6-38,Evolutionary Light,"Once during your turn (before your attack), you may search your deck for an Evolution card. Show it to your opponent and put it into your hand. Shuffle your deck afterward. This power can't be used if Dark Dragonair is affected by a Special Condition."
base6-41,Retreat Aid,"As long as Dodrio is Benched, pay Colorless less to retreat your Active Pokémon."
base6-46,Transparency,"Whenever an attack does anything to Haunter, flip a coin. If heads, prevent all effects of that attack, including damage, done to Haunter. This power stops working while Haunter is affected by a Special Condition."
base6-48,Kabuto Armor,"Whenever an attack (even your own) does damage to Kabuto (after applying Weakness and Resistance), that attack does only half the damage to Kabuto (rounded down to the nearest 10). (Any other effects of attacks still happen.) This power stops working while Kabuto is affected by a Special Condition."
base6-57,Clairvoyance,Your opponent plays with his or her hand face up. This power stops working while Omanyte is affected by a Special Condition.
base6-64,Thick Skinned,"Snorlax can't become Asleep, Confused, Paralyzed, Poisoned, or Burned. This power stops working while Snorlax is affected by a Special Condition."
base6-73,Long-Distance Hypnosis,"Once during your turn (before your attack), you may flip a coin. If heads, the Defending Pokémon is now Asleep; if tails, your Active Pokémon is now Asleep. The power can't be used if Drowzee is affected by a Special Condition."
base6-96,Cowardice,"At any time during your turn (before your attack), you may return Tentacool to your hand. (Discard all cards attached to Tentacool.) This power can't be used the turn you put Tentacool into play or if Tentacool is affected by a Special Condition."
dp1-2,Dark Palm,"Once during your turn (before your attack), if your opponent has 4 or more Benched Pokémon, you may choose 1 of them and shuffle that Pokémon and all cards attached to it into his or her deck. This power can't be used if Dusknoir if affected by a Special Condition."
dp1-3,Intense Voltage,"As often as you like during your turn (before your attack), if Elekid is anywhere under Electivire, you may move a Lightning Energy attached to your Pokémon to Electivire. This power can't be used if Electivire is affected by a Special Condition."
dp1-7,Gleam Eyes,"Once during your turn, when you play Luxray from your hand to evolve 1 of your Pokémon, you may look at your opponent's hand. If your opponent's Bench isn't full, choose 1 Basic Pokémon from your opponent's hand, and put it onto his or her Bench. Then, switch it with the Defending Pokémon."
dp1-8,Magnetize,"If you have any Metal Energy attached to your Active Pokémon, the Retreat Cost for that Pokémon is 0."
dp1-12,Earth Fissure,"Once during your turn, when you play Rhyperior from your hand to evolve 1 of your Pokémon, you may discard the top 3 cards from your opponent's deck."
dp1-14,Darkness Fan,"Once during your turn (before your attack), if Shiftry is your Active Pokémon, you may flip a coin. If heads, choose 1 Evolved Pokémon on your opponent's Bench, remove the highest Stage Evolution card from that Pokémon, and put it back into his or her hand. This power can't be used if Shiftry is affected by a Special Condition."
dp1-33,Baby Evolution,"Once during your turn (before your attack), you may put Snorlax from your hand onto Munchlax (this counts as evolving Munchlax) and remove all damage counters from Munchlax."
dp1-42,Baby Evolution,"Once during your turn (before your attack), you may put Wobbuffet from your hand onto Wynaut (this counts as evolving Wynaut) and remove all damage counters from Wynaut."
dp1-43,Baby Evolution,"Once during your turn (before your attack), you may put Roselia from your hand onto Budew (this counts as evolving Budew) and remove all damage counters from Budew."
dp1-48,Baby Evolution,"Once during your turn (before your attack), you may put Electabuzz from your hand onto Elekid (this counts as evolving Elekid) and remove all damage counters from Elekid."
dp1-55,Baby Evolution,"Once during your turn (before your attack), you may put Mantine from your hand onto Mantyke (this counts as evolving Mantyke) and remove all damage counters from Mantyke."
dp1-65,ANALYZE,"Once during your turn (before your attack), if Unown A is on your Bench, you may look at the top 2 cards of your deck and put them back on top of your deck in any order."
dp1-66,BOUNCE,"Once during your turn (before your attack), if Unown B is on your Bench, you may flip a coin. If heads, discard all cards attached to any 1 of your Unown and shuffle that Pokémon back into your deck."
dp1-67,CALL,"Once during your turn (before your attack), if Unown C is on your Bench, you may flip coin. If heads, search your deck for any 1 Unown and put it onto your Bench. Shuffle your deck afterward."
dp1-68,DRAW,"Once during your turn (before your attack), if Unown D is on your Bench, you may flip a coin. If heads, each player may draw a card. (You draw your card first.)"
dp1-69,Baby Evolution,"Once during your turn (before your attack), you may put Marill from your hand onto Azurill (this counts a evolving Azurill) and remove all damage counters from Azurill."
dp1-71,Baby Evolution,"Once during your turn (before your attack), you may put Sudowoodo from your hand onto Bonsly (this counts as evolving Bonsly) and remove all damage counters from Bonsly."
dp1-78,Baby Evolution,"Once during your turn (before your attack), you may put Clefairy from your hand onto Cleffa (this counts as evolving Cleffa) and remove all damage counters from Cleffa."
dp1-90,Baby Evolution,"Once during your turn (before your attack), you may put Mr. Mime from your hand onto Mime Jr. (this counts as evolving Mime Jr.) and remove all damage counters from Mime Jr."
dpp-DP16,Electro Recycle,"Once during your turn (before your attack), if Pichu is anywhere under Pikachu, you may search your discard pile for a Lightning Energy card, show it to your opponent, and put it into your hand. This power can't be used if Pikachu is affected by a Special Condition."
dpp-DP22,Baby Evolution,"Once during your turn (before your attack), you may put Mr. Mime from your hand onto Mime Jr. (this counts as evolving Mime Jr.) and remove all damage counters from Mime Jr."
dpp-DP33,Dark Hide,"Once during your turn (before your attack), you may flip a coin. If heads, look at your opponent's hand, choose a Pokémon you find there, and put it on the bottom of his or her deck. This power can't be used if Dusknoir is affected by a Special Condition."
dpp-DP51,Lunar Aura,"If you have Darkrai in play, remove 1 damage counter from Cresselia between turns."
dpp-DP52,Darkness Aura,"If you have Cresselia in play, each of Darkrai's attack does 20 more damage to the Defending Pokémon (before applying Weakness and Resistance)."
dp2-2,Power Cancel,"Once during your opponent's turn, when your opponent's Pokémon uses any Poké-Power, you may discard 2 cards from your hand and prevent all effects of that Poké-Power. (This counts as that Pokémon using its Poké-Power.) This power can't be used if Alakazam is affected by a Special Condition."
dp2-4,Downer Material,"If you have Uxie and Mesprit in play, the attack cost of each of your opponent's Basic Pokémon's attacks is Colorless more. You can't use more than 1 Downer Material Poké-Body each turn."
dp2-5,Kind Egg,"Once during your turn (before your attack), if Happiny is anywhere under Blissey, you may choose a number of cards in your hand up to the amount of Energy attached to Blissey and put those cards on top of your deck. Shuffle your deck afterward. Then, draw that many cards. This power can't be used if Blissey is affected by a Special Condition."
dp2-6,Miracle Oracle,"Once during your turn (before your attack), you may draw a card. Then, discard a card from your hand. If you discard an Energy card, draw 1 more card. This power can't be used if Bronzong is affected by a Special Condition."
dp2-9,Rainbow Scale,"If an Active Pokémon has Weakness to any of the types of Energy attached to Garchomp, Garchomp's attacks do 40 more damage to that Pokémon (before applying Weakness and Resistance). Rainbow Scale Poké-Body can't be used if Garchomp has any Special Energy cards attached to it."
dp2-10,Dark Genes,"As long as Honchkrow has the Energy necessary to use its attack, each of your Murkrow can use Honchkrow's attack as its own without the Energy necessary to use that attack."
dp2-11,Lure Ring,"Once during your turn (before your attack), if Lumineon is your Active Pokémon, you may choose 1 of your opponent's Benched Pokémon that has a maximum HP of 100 or more and switch it with 1 of the Defending Pokémon. This power can't be used if Lumineon is affected by a Special Condition."
dp2-14,Upper Material,"If you have Uxie and Azelf in play, the Retreat Cost for each Uxie, Mesprit, and Azelf (both yours and your opponent's) is 0."
dp2-16,Firestarter,"Once during your turn (before your attack), you may attach a Fire Energy card from your discard pile to 1 of your Benched Pokémon. This power can't be used if Typhlosion is affected by a Special Condition."
dp2-18,Memory Out,"Once during your opponent's turn, if Uxie is damaged by an opponent's attack (even if Uxie is Knocked Out), you may use this power. The Attacking Pokémon can't use that attack during your opponent's next turn."
dp2-19,Glacier Snow,"If Abomasnow is your Active Pokémon and is damaged by an opponent's attack (even if Abomasnow is Knocked Out), the Attacking Pokémon is now Asleep."
dp2-20,Sticky,The Retreat Cost for each player's Pokémon (excluding Ariados) is Colorless more.
dp2-21,Protective Wall,Prevent all damage done to your Benched Pokémon by your opponent's attacks.
dp2-23,Evolutionary Toxic,"Once during your turn, when you play Crobat from your hand to evolve 1 of your Pokémon, you may choose 1 of the Defending Pokémon. That Pokémon is now Poisoned. Put 2 damage counters instead of 1 on that Pokémon between turns."
dp2-25,Craggy Face,"As long as Glalie is your Active Pokémon, any damage done by attacks from your opponent's Stage 2 Evolved Pokémon is reduced by 20 (before applying Weakness and Resistance)."
dp2-26,Dragon DNA,"Gyarados can use any attack from its Basic Pokémon. (You still have to pay for that attack's Energy cost.) If Gyarados uses any attack from its Basic Pokémon, that attack does 30 more damage to the Defending Pokémon (before applying Weakness and Resistance)."
dp2-29,Jumbo Fin,"If Mantyke is anywhere under Mantine, the Retreat Cost for each of your Water Pokémon is ColorlessColorless less."
dp2-30,Airy Wall,"If your opponent's Pokémon that has 2 or less Energy cards attached to it attacks Mr. Mime, prevent all damage done to Mr. Mime from that attack. If Mime Jr. is anywhere under Mr. Mime, prevent all effects of that attack, including damage, done to Mr. Mime."
dp2-31,Mother Pheromone,"The attack cost of your Nidoran ♀, Nidorina, Nidoran ♂, Nidorino, and Nidoking's attacks is Colorless less."
dp2-32,Color Shift,"Once during your turn (before your attack), you may choose 1 of your opponent's Pokémon. Ninetales is the same type as that Pokémon (all if that Pokémon is more than 1 type) until the end of your turn. This power can't be used if Ninetales is affected by a Special Condition."
dp2-34,Energetic Impulse,"Once during your turn (before your attack), if Slaking is your Active Pokémon, you may flip a coin. If heads, Slaking's Lazy Blow attack's base damage is 130 during this turn. If tails, Slaking can't attack or retreat during this turn. (If Slaking is no longer your Active Pokémon, this effect ends.)"
dp2-36,Poison Sacs,Your opponent can't remove the Special Condition Poisoned by evolving or devolving his or her Poisoned Pokémon. (This also includes putting a Pokémon Level-Up card onto the Poisoned Pokémon.)
dp2-37,ITEM,"Once during your turn (before your attack), if you have Unown I, Unown T, Unown E, and Unown M on your Bench, you may search your deck for a Trainer card, show it to your opponent, and put it into your hand. Shuffle your deck afterward. You can't use more than 1 ITEM Poké-Power each turn."
dp2-39,Freeze-up,"Once during your turn, when you play Walrein from your hand to evolve 1 of your Pokémon, you may flip 2 coins. If both are heads, discard 1 of the Defending Pokémon and all cards attached to it. (This doesn't count as a Knocked Out Pokémon.)"
dp2-42,Baby Evolution,"Once during your turn (before your attack), you may put Chimecho from your hand onto Chingling (this counts as evolving Chingling) and remove all damage counters from Chingling."
dp2-44,Evolutionary Vitality,"Once during your turn, when you play Croconaw from your hand to evolve 1 of your Pokémon, you may look at the top 5 cards of your deck. Choose all Energy cards you find there, show them to your opponent, and put them into your hand. Put the other cards back on top of your deck. Shuffle your deck afterward."
dp2-45,Cold Fat,"As long as Dewgong is Asleep, any damage done to Dewgong by attacks is reduced by 40 (after applying Weakness and Resistance)."
dp2-52,Baby Evolution,"Once during your turn (before your attack), you may put Chansey from your hand onto Happiny (this counts as evolving Happiny) and remove all damage counters from Happiny."
dp2-65,EQUIP,"Once during your turn (before your attack), if Unown E is on your Bench, you may discard all cards attached to Unown E and attach Unown E to 1 of your Pokémon as a Pokémon Tool card. As long as Unown E is attached to a Pokémon, that Pokémon gets +10 HP."
dp2-66,MAGNET,"Once during your turn (before your attack), if Unown M is your Active Pokémon, you may flip a coin. If heads, switch 1 of your opponent's Benched Pokémon with 1 of the Defending Pokémon. This power can't be used if Unown M is affected by a Special Condition."
dp2-67,THROW,"Once during your turn (before your attack), if Unown T is your Active Pokémon, you may discard a card from your hand. Then, flip a coin. If heads, put 2 damage counters on 1 of your opponent's Benched Pokémon. This power can't be used if Unown T is affected by a Special Condition."
dp2-88,Baby Evolution,"Once during your turn (before your attack), you may put Magmar from your hand onto Magby (this counts as evolving Magby) and remove all damage counters from Magby."
dp2-93,Baby Evolution,"Once during your turn (before your attack), you may put Pikachu from your hand onto Pichu (this counts as evolving Pichu) and remove all damage counters from Pichu."
dp2-94,Electro Recycle,"Once during your turn (before your attack), if Pichu is anywhere under Pikachu, you may search your discard pile for a Lightning Energy card, show it to your opponent, and put it into your hand. This power can't be used if Pikachu is affected by a Special Condition."
pop6-1,Protective Wall,Prevent all damage done to your Benched Pokémon by your opponent's attacks.
dp3-1,Jamming,"After your opponent plays a Supporter card from his or her hand, put 1 damage counter on each of your opponent's Pokémon. You can't use more than 1 Jamming Poké-Body each turn."
dp3-2,Waterlog,"Once during your turn (before your attack), you may attach as many basic Water Energy cards from your hand to any of your Pokémon in any way you like. If you do, your turn ends. This power can't be used if Blastoise is affected by a Special Condition."
dp3-3,Fury Blaze,"If your opponent has 3 or less Prize cards left, each of Charizard's attacks does 50 more damage to the Active Pokémon (before applying Weakness and Resistance)."
dp3-4,Burning Coat,"Whenever 1 of your opponent's Pokémon is Knocked Out by damage from Entei's attacks, discard the top 3 cards from your opponent's deck."
dp3-5,Irritating Buzz,"As long as Flygon is your Active Pokémon, put 1 damage counter on each of your opponent's Active Pokémon between turns, excluding Fighting Pokémon."
dp3-7,Telepass,"Once during your turn (before your attack), you may search your opponent's discard pile for a Supporter card and use the effect of that card as the effect of this power. (The Supporter card remains in your opponent's discard pile.) You can't use more than 1 Telepass Poké-Power each turn. This power can't be used if Gardevoir is affected by a Special Condition."
dp3-8,Osmotic Pressure,"Once during your turn (before your attack), if you have Gastrodon West Sea in play, you may move up to 3 damage counters from Gastrodon East Sea to 1 of your Gastrodon West Sea."
dp3-10,Phoenix Turn,"Once during your opponent's turn, if Ho-Oh would be Knocked Out by damage from an attack, you may flip a coin. If heads, Ho-Oh isn't discarded. Instead, remove all damage counter, Special Conditions, and other effects from Ho-Oh. Then, discard all cards attached to Ho-Oh (except for Energy cards). This counts as Ho-Oh being Knocked Out and your opponent takes a Prize card."
dp3-11,Cotton Spore,"Whenever Jumpluff would be damaged by your opponent's attack, flip a coin. If heads, prevent all damage done to Jumpluff by that attack."
dp3-13,Rain Dish,"At any time between turns, remove 1 damage counter from Ludicolo."
dp3-16,Thunder Rumble,"Once during your turn (before your attack), when you attach a Lightning Energy card from your hand to Raikou, you may put 1 damage counter on 1 of your opponent's Benched Pokémon."
dp3-19,Aqua Recover,"Once during your turn, when you put Suicune from your hand onto your Bench, you may search your discard pile for up to 3 Water Pokémon, show them to your opponent, and put them into your hand."
dp3-20,Miracle Aroma,"Once during your turn (before your attack), you may flip a coin. If heads, choose either Asleep, Burned, or Poisoned. The Defending Pokémon is now affected by that Special Condition. This power can't be used if Venusaur is affected by a Special Condition."
dp3-22,Flame Dash,"Once during your turn, when you play Arcanine from your hand to evolve 1 of your Benched Pokémon, you may switch Arcanine with 1 of your Active Pokémon. If you do, you may move any number of Energy cards attached to that Pokémon to Arcanine."
dp3-25,Motor Drive,"Once during your turn (before your attack), you may search your discard pile for a Lightning Energy card and attach it to Electivire. This power can't be used if Electivire is affected by a Special Condition."
dp3-26,Energy Shift,"Once during your turn, if Electrode would be Knocked Out by damage from an attack, you may use this power. Electrode isn't discarded. Instead, attach it as an Energy card to 1 of your Pokémon. While attached, this card is a Special Energy card and provides every type of Energy but provides only 1 Energy at a time. (Has no effect other than providing Energy.)"
dp3-31,Flame Body,"When you attach a Fire Energy card from your hand to Magmortar, remove 2 damage counters from Magmortar."
dp3-32,Minus Charge,"Once during your turn (before your attack), if any Pokémon were Knocked Out during your opponent's last turn, you may draw 2 cards. You can't use more than 1 Minus Charge Poké-Power each turn. This power can't be used if Minun is affected by a Special Condition."
dp3-36,Plus Charge,"Once during your turn (before your attack), if any of your Pokémon were Knocked Out during your opponent's last turn, you may search your discard pile for up to 2 basic Energy cards, show them to your opponent, and put them into your hand. You can't use more than 1 Plus Charge Poké-Power each turn. This power can't be used if Plusle is affected by a Special Condition."
dp3-37,Rough Skin,"If Sharpedo is your Active Pokémon and is damaged by an opponent's attack (even if Sharpedo is Knocked Out), put 2 damage counters on the Attacking Pokémon."
dp3-38,Grass Whistle,"Once during your turn (before your attack), you may remove 1 damage counter from each of your Grass Pokémon. You can't use more than 1 Grass Whistle Poké-Power each turn. This power can't be used if Sunflora is affected by a Special Condition."
dp3-39,Set,"Once during your turn (before your attack), if you have Unown S, Unown E, and Unown T on your Bench, you may flip a coin. If heads, search your discard pile for an Energy card, show it to your opponent, and put it on top of your deck."
dp3-40,Dark Engage,"Once during your turn (before your attack), you may use this power. Each of your Active Pokémon's type is Darkness until the end of your turn. If that Pokémon is no longer your Active Pokémon, this effect ends."
dp3-41,Plant Cloak,"If Wormadam Plant Cloak has 2 or more Grass Energy attached to it, Wormadam Plant Cloak gets +40 HP."
dp3-42,Sandy Cloak,"Prevent all effects of attacks, excluding damage, done to Wormadam Sandy Cloak."
dp3-43,Trash Cloak,"If Wormadam Trash Cloak has a Pokémon Tool card attached to it, any damage done to Wormadam Trash Cloak by attacks is reduced by 20 (after applying Weakness and Resistance)."
dp3-44,Psychic Shift,"Once during your turn, if Xatu is on your Bench, you may choose 1 Special Condition from 1 of your Active Pokémon and remove that Special Condition. Then, 1 of the Defending Pokémon is now affected by that Special Condition that you chose."
dp3-52,Camouflage,"If any basic Energy card attached to Kecleon is the same as the Attacking Pokémon's type, any damage done by attacks from the Pokémon to Kecleon is reduced by 40 (after applying Weakness and Resistance)."
dp3-56,Toxic Sludge,"At the end of each player's turn, each of your opponent's Active Pokémon that has any Grass Energy attached to it is now Poisoned. If that Pokémon is already Poisoned, Toxic Sludge Poké-Body does nothing to that Pokémon."
dp3-60,Aqua Healing,"Once during your turn (before your attack), if Quagsire is your Active Pokémon and the Defending Pokémon has any Water Energy attached to it, you may remove 3 damage counters from Quagsire."
dp3-65,Cotton Balloon,"If Skiploom has any Grass Energy attached to it, any damage done to Skiploom by attacks from your opponent's Evolved Pokémon is reduced by 20 (after applying Weakness and Resistance)."
dp3-67,Baby Evolution,"Once during your turn (before your attack), you may put Jynx from your hand onto Smoochum (this counts as evolving Smoochum) and remove all damage counters from Smoochum."
dp3-68,Kind,"Once during your turn (before your attack), you may remove 2 damage counters from 1 of the Defending Pokémon."
dp3-69,Nod,"Once during your turn (before your attack), if you have Unown N, Unown O, and Unown D on your Bench, you may ask your opponent to take a Prize card. If he or she does, you take a Prize card. If he or she doesn't, draw a card."
dp3-70,ONE,"Once during your turn (before your attack), if you have Unown O, Unown N, and Unown E on your Bench and you have 1 card left in your hand, you may draw cards until you have 7 cards in your hand."
dp3-71,X-RAY,"Once during your turn (before your attack), if you have Unown X on your Bench, you may look at the top card of your opponent's deck and put it back on top of his or her deck."
dp3-72,ZERO,"Once during your turn (before your attack), if Unown Z is on your Bench and you have no cards in your deck, you may discard all cards attached to Unown Z and put Unown Z on top of your deck."
dp3-73,Dangerous Scales,"If Venomoth is your Active Pokémon and is damaged by an opponent's attack (even if Venomoth is Knocked Out), the Attacking Pokémon is now Asleep and Poisoned."
dp3-78,Wear Cloak,"Once during your turn (before your attack), if Burmy Plant Cloak is your Active Pokémon, you may search your discard pile for a basic Grass Energy card and attach it to Burmy Plant Cloak."
dp3-79,Wear Cloak,"Once during your turn (before your attack), if Burmy Sandy Cloak is your Active Pokémon, you may search your discard for a basic Fighting Energy card and attach it to Burmy Sandy Cloak."
dp3-80,Wear Cloak,"Once during your turn (before your attack), if Burmy Trash Cloak is your Active Pokémon, you may search your discard for a basic Metal Energy card and attach it to Burmy Trash Cloak."
dp3-90,Cottonweed,"If Hoppip has any Grass Energy attached to it, the Retreat Cost for Hoppip is 0."
dp3-101,Balloon Sting,"Once during your opponent's turn, if Qwilfish is your Active Pokémon and is damage by an attack (even if Qwilfish is Knocked Out), you may flip a coin. If heads, the Attacking Pokémon is now Poisoned. Put 2 damage counters instead of 1 on that Pokémon between turns."
dp3-109,Pot Shell,"Prevent all effects of attacks, including damage, done to Shuckle by your opponent's Pokémon that has any Special Energy cards attached to it."
dp4-6,Conversion,"Once during your turn (before your attack), you may discard a basic Energy card from your hand. Porygon-Z is the same type as that Energy Card until the end of your turn. This power can't be used if Porygon-Z is affected by a Special Condition."
dp4-8,Wild Growth,Each basic Grass Energy card attached to your Grass Pokémon provides GrassGrass Energy instead. You can't use more than 1 Wild Growth Poké-Body each turn.
dp4-9,Wash Out,"As often as you like during your turn (before your attack), you may move a Water or Fighting Energy attached to 1 of your Benched Pokémon to your Active Pokémon. This power can't be used if Swampert is affected by a Special Condition."
dp4-11,Serene Grace,"Once during your turn, when you play Togekiss from your hand to evolve 1 of your Pokémon, you may look at the top 10 cards of your deck, choose as many basic Energy cards as you like, and attach them to your Pokémon in any way you like. Put the other cards back on top of your deck. Shuffle your deck afterward."
dp4-15,Cosmic Power,"Once during your turn (before your attack), you may choose up to 2 cards from your hand and put them on the bottom of your deck in any order. If you do, draw cards until you have 6 cards in your hand. This power can't be used if Claydol is affected by a Special Condition."
dp4-25,Marvel Scale,"Prevent all effects of attacks, including damage, done to Milotic by your opponent's Pokémon LV.X."
dp4-27,Anger Point,"If Primeape has any damage counters on it, Primeape's attacks do 40 more damage to the Active Pokémon (before applying Weakness and Resistance)."
dp4-28,Trump Card,"Once during your turn (before your attack), if any of your Pokémon were Knocked Out during your opponent's last turn, search your deck for any 1 card and put it into your hand. Shuffle your deck afterward. This power can't be used if Slowking is affected by a Special Condition."
dp4-29,HEAL,"Once during your turn (before your attack), if you have Unown H, Unown E, Unown A, and Unown L on your Bench, you may remove all Special Conditions from 1 of your Active Pokémon."
dp4-30,Sleeping Pulse,"As long as Wailord remains Asleep between turns, remove 1 damage counter from Wailord."
dp4-31,Toxic Virus,"At any time between turns, each player puts 1 more damage counter on his or her Poisoned Pokémon."
dp4-32,Good Night Melody,"Once during your turn (before your attack), you may use this power. Each Active Pokémon (both yours and your opponent's) is now Asleep. This power can't be used if Wigglytuff is affected by a Special Condition."
dp4-45,Magma Armor,Magcargo can't be Asleep or Paralyzed.
dp4-47,Emerge,"Once during your turn (before your attack), if Metapod is your Active Pokémon, you may flip a coin. If heads, search your deck for a card that evolves from Metapod and put it onto Metapod. (This counts as evolving Metapod.) Shuffle your deck afterward. This power can't be used if Metapod is affected by a Special Condition."
dp4-49,Download,"Once during your turn (before your attack), you may discard a Supporter card from your hand and use the effect of that card as the effect of this power. This power can't be used if Porygon2 is affected by a Special Condition."
dp4-56,FAKE,"Once during your turn (before your attack), if Unown F is on your Bench, you may use this power. Put a coin next to your Active Pokémon without showing your opponent and cover it with your hand. Your opponent guesses if the coin is heads or tails. If he or she is wrong, draw a card."
dp4-57,GUARD,"Once during your turn (before your attack), if Unown G is on your Bench, you may discard all cards attached to Unown G and attach Unown G to 1 of your Pokémon as a Pokémon Tool card. As long as Unown G is attached to a Pokémon, prevent all effects of attacks, excluding damage, done to that Pokémon."
dp4-63,Pupate,"Once during your turn (before your attack), if Caterpie is your Active Pokémon, you may flip a coin. If heads, search your deck for a card that evolves from Caterpie and put it onto Caterpie. (This counts as evolving Caterpie.) Shuffle your deck afterward. This power can't be used if Caterpie is affected by a Special Condition."
dp4-70,Baby Evolution,"Once during your turn (before your attack), you may put Jigglypuff from your hand onto Igglybuff (this counts as evolving Igglybuff) and remove all damage counters from Igglybuff."
dp4-71,Scent Conduct,"Once during your turn (before your attack), you may flip a coin. If heads, search your deck for a Grass Basic Pokémon and put it onto your Bench. Shuffle your deck afterward. This power can't be used if Illumise is affected by a Special Condition."
dp4-76,Gravity Change,"Once during your turn (before your attack), you may discard a card from your hand. Then, if you have Solrock in play, draw a card. This power can't be used if Lunatone is affected by a Special Condition."
dp4-85,Sunlight,"If you have Lunatone in play, damage done to your opponent's Pokémon by your Psychic or Fighting Pokémon isn't affected by resistance."
dp4-91,LINK,Unown L can use any attack from any Unown in play (both yours and your opponent's). (You still have to pay for that attack's Energy cost.)
dp4-92,Light Conduct,"Once during your turn (before your attack), if you have Illumise in play, you may search your discard pile for a Supporter card, show it to your opponent, and put it on top of your deck. This power can't be used if Volbeat is affected by a Special Condition."
pop7-1,Jamming,"After your opponent plays a Supporter card from his or her hand, put 1 damage counter on each of your opponent's Pokémon. You can't use more than 1 Jamming Poké-Body each turn."
pop7-10,Sandy Cloak,"Prevent all effects, excluding damage, done to Wormadam Sandy Cloak."
pop7-11,Wear Cloak,"Once during your turn (before your attack), if Burmy Plant Cloak is your Active Pokémon, you may search your discard pile for a basic Grass Energy card and attach it to Burmy Plant Cloak."
pop7-12,Wear Cloak,"Once during your turn (before your attack), if Burmy Sandy Cloak is your Active Pokémon, you may search your discard pile for a basic Fighting Energy card and attach it to Burmy Sandy Cloak."
dp5-1,Freezing Screech,"Once during your turn, when you put Articuno from your hand onto your Bench, you may flip a coin. If heads, choose 1 of the Defending Pokémon. That Pokémon is now Paralyzed."
dp5-3,Darkness Shade,"Once during your turn, when you put Darkrai from your hand onto your Bench, you may choose 1 of the Defending Pokémon. That Pokémon is now Asleep."
dp5-6,Primal Shell,"As long as Kabutops is your Active Pokémon, your opponent can't play any Trainer cards from his or her hand."
dp5-8,Aqua Skin,"When you attach a Water Energy card from your hand to Manaphy, remove 2 damage counters from Manaphy."
dp5-10,Flame Charge,"Once during your turn, when you put Moltres from your hand onto your Bench, you may flip a coin. If heads, search your discard pile for up to 3 Fire Energy cards and attach them to Moltres."
dp5-14,Sheet Lightning,"Once during your turn, when you put Zapdos from your hand onto your Bench, you may flip a coin. If heads, put 1 damage counter on each of your opponent's Pokémon."
dp5-15,Primal Claw,"After your opponent's Pokémon uses a Poké-Power, put 2 damage counters on that Pokémon."
dp5-16,Cursed Alloy,"As long as Bronzong is your Active Pokémon, put 1 damage counter on each of your opponent's Pokémon that has any Poké-Powers between turns."
dp5-18,Sunlight Veil,Each of your Pokémon that evolves from Eevee gets +20 HP. You can't use more than 1 Sunlight Veil Poké-Body each turn.
dp5-26,Primal Swirl,"Once during your turn, when you play Omastar from your hand to evolve 1 of your Pokémon, you may remove the highest Stage Evolution card from each of your opponent's Benched Evolved Pokémon and put those cards back into his or her hand. You can't use more than 1 Primal Swirl Poké-Power each turn."
dp5-32,Moonlight Veil,"Each of your Pokémon that evolves from Eevee has no Weakness, and that Pokémon's Retreat Cost is 0."
dp5-33,PUT,"Once during your turn (before your attack), if Unown P is on your Bench, you may put 1 damage counter on 1 of your Pokémon (excluding any Unown)."
dp5-42,Disturbance Scales,Any damage done by attacks from your Pokémon to the Defending Pokémon isn't affected by Resistance.
dp5-49,QUICK,"Once during your turn (before your attack), if Unown Q is on your Bench, you may discard all cards attached to Unown Q and attach Unown Q to 1 of your Pokémon as a Pokémon Tool card. As long as Unown Q is attached to a Pokémon, you pay Colorless less to retreat that Pokémon."
dp5-58,Baby Evolution,"Once during your turn (before your attack), you may put Chimecho from your hand onto Chingling (this counts as evolving Chingling) and remove all damage counters from Chingling."
dp5-67,Ancient Guidance,"Once during your turn (before your attack), you may flip a coin. If heads, search your deck for Helix Fossil, Dome Fossil, or Old Amber and put it onto your Bench. Shuffle your deck afterward. This power can't be used if Kabuto is affected by a Special Condition."
dp5-68,Baby Evolution,"Once during your turn (before your attack), you may put Snorlax from your hand onto Munchlax (this counts as evolving Munchlax) and remove all damage counters from Munchlax."
dp5-69,Call Up,"Once during your turn (before your attack), you may flip a coin. If heads, search your discard pile for Helix Fossil, Dome Fossil, or Old Amber and put it onto your Bench. This power can't be used if Omanyte is affected by a Special Condition."
dp6-1,Form Change,"Once during your turn (before your attack), you may search your deck for any Deoxys and switch it with Deoxys Normal Forme. (Any cards attached to Deoxys Normal Forme, damage counters, Special Conditions, and effects on it are now on the new Pokémon.) If you do, put Deoxys Normal Forme on top of your deck. Shuffle your deck afterward. You can't use more than 1 Form Change Poké-Power each turn."
dp6-6,Flash Fire,"Once during your turn (before your attack), you may move a Fire Energy attached to 1 of your Pokémon to Heatran. This power can't be used if Heatran is affected by a Special Condition."
dp6-8,Rivalry,"If your opponent has any Pokémon LV.X in play, each of Luxray's attacks does 50 more damage to the Active Pokémon (before applying Weakness and Resistance)."
dp6-10,Magnetic Reversal,"Once during your turn (before your attack), you may flip a coin. If heads, switch 1 of your opponent's Benched Pokémon with 1 of the Defending Pokémon. This power can't be used if Metagross is affected by a Special Condition."
dp6-12,Enthusiasm,"If you have Poliwag, Poliwhirl, and Poliwrath in play, each of these Pokémon's attacks does 60 more damage to the Defending Pokémon (before applying Weakness and Resistance)."
dp6-13,Steel Coating,Any damage done to Probopass by your opponent's attacks is reduced by 10 for each Metal Energy attached to Probopass (after applying Weakness and Resistance). You can't reduce more than 20 damage in this way.
dp6-14,Speed Gain,"Once during your turn (before your attack), you may flip a coin until you get tails. For each heads, search your discard pile for a basic Fire Energy card or a basic Lightning Energy card and attach it to Rayquaza. This power can't be used if Rayquaza is affected by a Special Condition or if you have another Rayquaza in play."
dp6-15,Slow Start,Regigigas can't attack until your opponent has 3 or less Prize cards left.
dp6-16,Curse Breath,"Once during your turn, when you put Spiritomb from your hand onto your Bench, you may put 1 damage counter on all Pokémon that already have any damage counters on them (both yours and your opponent's). You can't use more than 1 Curse Breath Poké-Power each turn."
dp6-18,Fossil Armor,"If Armaldo would be damaged by an attack, prevent that attack's damage done to Armaldo if that damage is 60 or less."
dp6-19,Time Walk,"Once during your turn, when you put Azelf from your hand onto your Bench, you may look at all of your face-down Prize cards. If you do, you may choose 1 Pokémon you find there, show it to your opponent, and put it into your hand. Then, choose 1 card in your hand and put it as a Prize card face down."
dp6-23,Attracting Body,"If Delcatty is your Active Pokémon and is damaged by an opponent's attack (even if Delcatty is Knocked Out), flip a coin. If heads, the Attacking Pokémon is now Confused."
dp6-24,Form Change,"Once during your turn (before your attack), you may search your deck for any Deoxys and switch it with Deoxys Attack Forme. (Any cards attached to Deoxys Attack Forme, damage counters, Special Conditions, and effects on it are now on the new Pokémon.) If you do, put Deoxys Attack Forme on top of your deck. Shuffle your deck afterward. You can't use more than 1 Form Change Poké-Power each turn."
dp6-25,Form Change,"Once during your turn (before your attack), you may search your deck for any Deoxys and switch it with Deoxys Defense Forme. (Any cards attached to Deoxys Defense Forme, damage counters, Special Conditions, and effects on it are now on the new Pokémon.) If you do, put Deoxys Defense Forme on top of your deck. Shuffle your deck afterward. You can't use more than 1 Form Change Poké-Power each turn."
dp6-26,Form Change,"Once during your turn (before your attack), you may search your deck for any Deoxys and switch it with Deoxys Speed Forme. (Any cards attached to Deoxys Speed Forme, damage counters, Special Conditions, and effects on it are now on the new Pokémon.) If you do, put Deoxys Speed Forme on top of your deck. Shuffle your deck afterward. You can't use more than 1 Form Change Poké-Power each turn."
dp6-27,Ditto DNA,"As long as Ditto is your Active Pokémon, its maximum HP is the same as your opponent's Active Pokémon. Ditto can use the attacks of that Pokémon as its own. (You still need the necessary Energy to use each attack.) If that Pokémon is no longer your opponent's Active Pokémon, choose 1 of your opponent's Active Pokémon for Ditto to copy."
dp6-28,Iron Shell,"Whenever you attach a basic Energy card from your hand to Forretress (excluding effects of attacks), you may flip a coin. If tails, put 2 damage counters on each Pokémon (both yours and your opponent's) (excluding any Forretress)."
dp6-30,Smelt,"Once during your turn (before your attack), you may move a Metal Energy attached to 1 of your Pokémon to Heatran. This power can't be used if Heatran is affected by a Special Condition."
dp6-33,Healing Tail,"As long as Lopunny is your Active Pokémon, remove 1 damage counter from each of your Benched Pokémon between turns."
dp6-34,Psychic Bind,"Once during your turn, when you put Mesprit from your hand onto your Bench, you may use this power. Your opponent can't use any Poké-Powers on his or her Pokémon during your opponent's next turn."
dp6-36,Regi Move,"Once during your turn (before your attack), you may use this power. Discard 2 cards from your hand and choose 1 of your opponent's Active Pokémon that isn't an Evolved Pokémon. Then, your opponent switches that Pokémon with 1 of his or her Benched Pokémon. This power can't be used if Regice is affected by a Special Condition."
dp6-37,Recover Mechanism,"When you attach an Energy card from your hand to Regigigas, remove all Special Conditions from Regigigas."
dp6-38,Regi Cycle,"Once during your turn (before your attack), if you have a Fighting Energy card in your discard pile, you may discard 2 cards from your hand. Then, attach a Fighting Energy card from your discard pile to Regirock. This power can't be used if Regirock is affected by a Special Condition."
dp6-39,Regi Heal,"Once during your turn (before your attack), you may discard 2 cards from your hand. Then, remove 3 damage counters from Registeel. This power can't be used if Registeel is affected by a Special Condition."
dp6-40,Resent,"Once during your opponent's turn, if Shedinja would be Knocked Out by damage from an attack, you may put 4 damage counters on the Attacking Pokémon and each of the opponent's Pokémon that has the same name as the Attacking Pokémon."
dp6-41,White Smoke,"As long as Torkoal is your Active Pokémon, prevent all effects, including damage, done to your Benched Pokémon by your opponent's attacks."
dp6-42,!,"Once during your turn, when you put Unown ! from your hand onto your Bench, you may flip a coin. If heads, put 2 damage counters on 1 of your opponent's Pokémon. If tails, put 2 damage counters on 1 of your Pokémon."
dp6-43,Set Up,"Once during your turn, when you put Uxie from your hand onto your Bench, you may draw cards until you have 7 cards in your hand."
dp6-45,Energy Reaction,"Once during your turn (before your attack), when you attach a Grass or Psychic Energy card from your hand to Vileplume (excluding effects of attacks or Poké-Powers), you may use this power. If you attach a Grass Energy card, the Defending Pokémon is now Asleep. If you attach a Psychic Energy card, the Defending Pokémon is now Poisoned. This power can't be used if Vileplume is affected by a Special Condition."
dp6-48,Temperament,"Once during your turn (before your attack), you may search your deck for any Castform and switch it with Castform. (Any cards attached to Castform, damage counters, Special Conditions, and effects on it are now on the new Pokémon.) If you do, put Castform on top of your deck. Shuffle your deck afterward. You can't use more than 1 Temperament Poké-Power each turn."
dp6-49,Temperament,"Once during your turn (before your attack), you may search your deck for any Castform and switch it with Castform Rain Form. (Any cards attached to Castform Rain Form, damage counters, Special Conditions, and effects on it are now on the new Pokémon.) Shuffle Castform Rain Form back into your deck. You can't use more than 1 Temperament Poké-Power each turn."
dp6-50,Temperament,"Once during your turn (before your attack), you may search your deck for any Castform and switch it with Castform Snow-cloud Form. (Any cards attached to Castform Snow-cloud Form, damage counters, Special Conditions, and effects on it are now on the new Pokémon.) Shuffle Castform Snow-cloud Form back into your deck. You can't use more than 1 Temperament Poké-Power each turn."
dp6-51,Temperament,"Once during your turn (before your attack), you may search your deck for any Castform and switch it with Castform Sunny Form. (Any cards attached to Castform Sunny Form, damage counters, Special Conditions, and effects on it are now on the new Pokémon.) Shuffle Castform Sunny Form back into your deck. You can't use more than 1 Temperament Poké-Power each turn."
dp6-57,Revenge Fang,"If you have less Benched Pokémon than your opponent, each of Houndoom's attacks does 40 more damage to the Active Pokémon (before applying Weakness and Resistance)."
dp6-67,Cast-off Shell,"Once during your turn, when you play Ninjask from your hand to evolve 1 of your Pokémon and if your Bench isn't full, you may put Shedinja onto your Bench as a Basic Pokémon from your hand or your discard pile."
dp6-73,Big Wing,"If Swellow has no Energy attached to it, Swellow's Retreat Cost is 0."
dp6-76,JUNK,"Once during your turn, when you put Unown J from your hand onto your Bench, you may flip a coin. If heads, search your discard pile for a Trainer card, show it to your opponent, and put it into your hand."
dp6-77,RETIRE,"Once during your turn, if Unown R is on your Bench, you may discard Unown R and all cards attached to it. (This doesn't count as a Knocked Out Pokémon.) Then, draw a card."
dp6-78,UNSEEN,"As long as Unown U is on your Bench, prevent all effects of attacks, including damage, done by your opponent's Pokémon to any Unown on your Bench."
dp6-79,VACATION,"Once during your turn (before your attack), you may remove 2 damage counters from each of your Pokémon. If you do, your turn ends. This power can't be used if Unown V is affected by a Special Condition."
dp6-80,WALL,"As long as Unown W is your Active Pokémon, any damage done to your Pokémon by an opponent's attack is reduced by 10 (after applying Weakness and Resistance)."
dp6-81,YAWN,"Once during your turn (before your attack), if Unown Y is on your Bench, you may remove 1 damage counter from 1 of your Active Unown and that Unown is now Asleep."
dp6-82,?,"Once during your turn (before your attack), if Unown ? is on your Bench, you may choose a Pokémon in your hand and put it face down. Your opponent guesses a type of that Pokémon. Reveal that card. If your opponent guessed wrong, draw a card. Then, put that card back into your hand."
dp6-83,Metal Chain,"Once during your turn (before your attack), when you attach a Metal Energy card from your hand to Beldum (excluding effects of attacks or Poké-Powers), you may search your deck for Beldum and put it onto your Bench. Shuffle your deck afterward. This power can't be used if Beldum is affected by a Special Condition."
dp6-126,Baby Evolution,"Once during your turn (before your attack), you may put Hitmonlee, Hitmonchan, or Hitmontop from your hand onto Tyrogue (this counts as evolving Tyrogue) and remove all damage counters from Tyrogue."
pop8-3,Intimidating Fang,"As long as Luxray is your Active Pokémon, any damage done by an opponent's attack is reduced by 10 (before applying Weakness and Resistance)."
pop8-14,Baby Evolution,"Once during your turn (before your attack), you may put Chansey from your hand onto Happiny (this counts as evolving Happiny) and remove all damage counters from Happiny."
pop8-16,Inner Focus,Riolu can't be Paralyzed.
dp7-6,Super Connectivity,"Once during your turn (before your attack), you may search your discard pile for a Lightning or Metal Energy card and attach it to your Active Pokémon. Then, put 1 damage counter on that Pokémon. This power can't be used if Magnezone is affected by a Special Condition."
dp7-17,Spirit Pulse,"As long as Dusknoir is your Active Pokémon, put 1 damage counter on each of your opponent's Pokémon that has any Energy attached to it between turns."
dp7-45,Baby Evolution,"Once during your turn (before your attack), you may put Pikachu from your hand onto Pichu (this counts as evolving Pichu) and remove all damage counters from Pichu."
dp7-47,Energy Protection,Any damage done to Pupitar by attacks is reduced by 10 for each Energy attached to Pupitar (after applying Weakness and Resistance). You can't reduce more than 30 damage in this way.
dp7-103,Energy Burn,All Energy attached to Charizard are Fire Energy instead of their usual type.
pl1-5,Reverse Time,"Once during your turn, when you put Dialga from your hand onto your Bench, you may search your discard pile for up to 3 in any combination of Pokémon (excluding Pokémon LV.X) and basic Energy cards. Show them to your opponent and put them on top of your deck in any order."
pl1-6,Time Aura,"As long as Dialga is your Active Pokémon, your opponent can't play any Pokémon from his or her hand to evolve his or her Active Pokémon."
pl1-16,Lazy Paunch,"If Slaking used any attacks during your last turn, Slaking can't attack."
pl1-76,Baby Evolution,"Once during your turn (before your attack), you may put Chansey from your hand onto Happiny (this counts as evolving Happiny) and remove all damage counters from Happiny."
pop9-5,Type Shift,"Once during your turn (before your attack), you may use this power. Rotom's type is Psychic until the end of your turn."
pop9-11,Baby Evolution,"Once during your turn (before your attack), you may put Pikachu from your hand onto Pichu (this counts as evolving Pichu) and remove all damage counters from Pichu."
pl2-15,Flutter Wings,"Once during your turn (before your attack), you may search your deck for a Grass Pokémon, show it to your opponent, and put it into your hand. Shuffle your deck afterward. This power can't be used if Beedrill is affected by a Special Condition."
pl2-36,Gather Ice,"Once during your turn (before your attack), when you play Walrein from your hand to evolve 1 of your Pokémon, you may attach as many Water Energy cards from your hand to Walrein as you like."
pl2-66,Exoskeleton,Any damage done to Kakuna by attacks is reduced by 20 (after applying Weakness and Resistance).
pl2-67,Colorful Body,Kecleon's type is Grass Fire Water Lightning Psychic Fighting Darkness Metal Colorless.
pl2-69,Baby Evolution,"Once during your turn (before your attack), you may put Snorlax from your hand onto Munchlax (this counts as evolving Munchlax) and remove all damage counters from Munchlax."
pl2-70,Baby Evolution,"Once during your turn (before your attack), you may put Snorlax from your hand onto Munchlax (this counts as evolving Munchlax) and remove all damage counters from Munchlax."
pl2-84,Gather Sand,"Once during your turn (before your attack), if Trapinch is your Active Pokémon, you may search your discard pile for a basic Fighting card and attach it to Trapinch."
pl3-7,Gravitation,Each Pokémon in play (both yours and your opponent's) gets -20 HP. No more than 20 HP can be reduced by all Gravitation Poké-Bodies.
pl3-25,Echo Draw,"Once during your turn (before your attack), you may draw a card. This power can't be used if Dodrio is affected by a Special Condition."
pl3-29,Darkness Restore,"Once during your turn (before your attack), if Honchkrow is your Active Pokémon and your opponent's Bench isn't full, you may use this power. Search your opponent's discard pile for a Basic Pokémon and put it onto his or her bench. This power can't be used if Honchkrow is affected by a Special Condition."
pl3-32,Marvel Eyes,"If you have Solrock in play, prevent all effects of attacks, including damage, done to any of your Lunatone or Solrock by your opponent's Pokémon LV.X."
pl3-37,Focus Wall,"If Mr. Mime would be Knocked Out by damage from an attack that does 70 or more damage (after applying Weakness and Resistance), Mr. Mime is not Knocked Out and its remaining HP becomes 10 instead."
pl3-42,Dig Down,"Once during your turn (before your attack), you may look at the top 5 cards in your deck. Choose as many Fighting Energy cards as you like, show them to your opponent, and put them into your hand. Put the other cards back on top of your deck. Shuffle your deck afterward. This power can't be used if Sandslash is affected by a Special Condition."
pl3-44,Marvel Shell,"Prevent all effects of attacks, including damage, done to Shedinja by your opponent's Pokémon that has any Poké-Powers or Poké-Bodies."
pl3-45,Sunshine Fate,"Once during your turn (before your attack), if you have Lunatone in play, you may look at the top 3 cards of your deck and put them back on top of your deck in any order. This power can't be used if Solrock is affected by a Special Condition."
pl3-62,Evolutionary Pollen,"Once during your turn, when you play Ivysaur from your hand to evolve 1 of your Pokémon, you may use this power. Your opponent's Active Pokémon is now Asleep."
pl3-67,Plunge,"Once during your turn (before your attack), if Marshtomp is on your Bench, you may flip a coin. If heads, move all Energy cards attached to your Active Pokémon to Marshtomp. If you do, switch Marshtomp with that Active Pokémon."
pl3-68,Intimidating Pattern,"As long as Masquerain is your Active Pokémon, any damage done by an opponent's attack is reduced by 20 (before applying Weakness and Resistance)."
pl3-69,Metallic Lift,"If Metang has any Metal Energy attached to it, the Retreat Cost for Metang is 0."
pl3-98,Baby Evolution,"Once during your turn (before your attack), you may put Chimecho from your hand onto Chingling (this counts as evolving Chingling) and remove all damage counters from Chingling."
pl3-115,Baby Evolution,"Once during your turn (before your attack), you may put Mr. Mime from your hand onto Mime Jr. (this counts as evolving Mime Jr.) and remove all damage counters from Mime Jr."
pl3-SH7,Aqua Mirage,"If you have no cards in your hand, prevent all damage done to Milotic by attacks from your opponent's Pokémon."
pl4-2,Snow Gift,"Once during your turn, when you play Froslass from your hand to evolve 1 of your Pokémon, you may search your deck for any 1 card and put it into your hand. Shuffle your deck afterward."
pl4-13,Unearth,"Once during your turn (before your attack), you may search your deck for Helix Fossil, Dome Fossil, or Old Amber, show it your opponent, and put it into your hand. Shuffle your deck afterward. This power can't be used if Aerodactyl is affected by a Special Condition."
pl4-15,Cloudy Sky,"If any of your Grass Pokémon or Fire Pokémon would be damaged by an attack, reduce that damage by 10 (after applying Weakness and Resistance)."
pl4-16,Curse,"Once during your turn (before your attack), you may move 1 damage counter from 1 of your opponent's Pokémon to another of your opponent's Pokémon. This power can't be used if Gengar is affected by a Special Condition."
pl4-21,Relaxing Shower,"Once during your turn (before your attack), you may discard an Energy card from your hand. If you do, remove 1 damage counter from each of your Pokémon. This power can't be used if Lopunny is affected by a Special Condition."
pl4-25,Baby Evolution,"Once during your turn (before your attack), you may put Pikachu from your hand onto Pichu (this counts as evolving Pichu) and remove all damage counters from Pichu."
pl4-41,Hidden Poison,"If Haunter is your Active Pokémon and is damaged by an opponent's attack (even if Haunter is Knocked Out), the Attacking Pokémon is now Poisoned."
pl4-56,Cloak Evolution,Burmy Plant Cloak can evolve during the turn you play it.
pl4-57,Cloak Evolution,Burmy Sandy Cloak can evolve during the turn you play it.
pl4-58,Cloak Evolution,Burmy Trash Cloak can evolve during the turn you play it.
pl4-SH10,Star Barrier,"As long as Bagon has any Energy attached to it, Bagon has no Weakness."
pl4-SH11,Star Barrier,"As long as Ponyta has any Energy attached to it, Ponyta has no Weakness."
pl4-SH12,Star Barrier,"As long as Shinx has any Energy attached to it, Shinx has no Weakness."
xyp-XY179,Immunity,This Pokémon can't be affected by any Special Conditions. (Remove any Special Conditions affecting this Pokémon.)
xy12-11,Energy Burn,All Energy attached to this Pokémon are Fire Energy instead of their usual type.
xy12-18,Burning Road,"Once during your turn (before your attack), if this Pokémon was on the Bench and became your Active Pokémon this turn, you may move any number of Fire Energy attached to your Pokémon to this Pokémon."
xy12-31,Space Beacon,"Once during your turn (before your attack), you may discard a card from your hand. If you do, put 2 basic Energy cards from your discard pile into your hand. (You can't choose a card you discarded with the effect of this Ability.)"
xy12-40,Buzzap Thunder,"Once during your turn (before your attack), you may Knock Out this Pokémon and attach it to one of your Lightning Pokémon as a Special Energy card. This card provides 2 Lightning Energy only while this card is attached to a Pokémon."
xy12-53,Neutral Shield,"Prevent all effects of attacks, including damage, done to this Pokémon by your opponent's Evolution Pokémon."
xy12-55,Submerge,"As long as this Pokémon is on your Bench, prevent all damage done to this Pokémon by attacks (both yours and your opponent's)."
xy12-59,Counterattack,"If this Pokémon is your Active Pokémon and is damaged by an opponent's attack (even if this Pokémon is Knocked Out), put 3 damage counters on the Attacking Pokémon."
xy12-66,Mischievous Fang,"When you play this Pokémon from your hand onto your Bench, you may discard all Pokémon Tool cards attached to your opponent's Active Pokémon."
cel25c-2_A,Rain Dance,"As often as you like during your turn (before your attack), you may attach 1 Water Energy card to 1 of your Water Pokémon. (This doesn't use up your 1 Energy card attachment for the turn.) This power can't be used if Blastoise is Asleep, Confused, or Paralyzed."
cel25c-4_A,Energy Burn,"As often as you like during your turn (before your attack), you may turn all Energy attached to Charizard into Fire Energy for the rest of the turn. This power can't be used if Charizard is Asleep, Confused, or Paralyzed."
cel25c-8_A,Final Beam,"When Dark Gyarados is Knocked Out by an attack, flip a coin. If heads, this power does 20 damage for each Water Energy attached to Dark Gyarados to the Pokémon that Knocked Out Dark Gyarados. Apply Weakness and Resistance. This power doesn't work if Dark Gyarados is Asleep, Confused, or Paralyzed."
cel25c-15_A1,Energy Trans,"As often as you like during your turn (before your attack), you may take 1 Grass Energy card attached to 1 of your Pokémon and attach it to a different one. This power can't be used if Venusaur is Asleep, Confused, or Paralyzed."
